icd9_code,short_title,long_title,frequency,severity_score,treatment_complexity,mortality_risk,severity_normalized
4019,Hypertension NOS,Unspecified essential hypertension,53,1.0,1.0,0.1,-1.3883365595284323
42731,Atrial fibrillation,Atrial fibrillation,48,1.0,1.0,0.1,-1.3883365595284323
5849,Acute kidney failure NOS,"Acute kidney failure, unspecified",45,3.0,1.0,0.4,3.44898602569507
4280,CHF NOS,"Congestive heart failure, unspecified",39,1.0,1.0,0.1,-1.3883365595284323
25000,DMII wo cmp nt st uncntr,"Diabetes mellitus without mention of complication, type II or unspecified type, not stated as uncontrolled",31,1.0,1.0,0.1,-1.3883365595284323
51881,Acute respiratry failure,Acute respiratory failure,31,3.0,1.0,0.4,3.44898602569507
2724,Hyperlipidemia NEC/NOS,Other and unspecified hyperlipidemia,29,1.0,1.0,0.1,-1.3883365595284323
5990,Urin tract infection NOS,"Urinary tract infection, site not specified",27,2.0,1.0,0.1,1.030324733083319
486,"Pneumonia, organism NOS","Pneumonia, organism unspecified",26,2.0,1.0,0.1,1.030324733083319
99592,Severe sepsis,Severe sepsis,25,3.0,1.0,0.4,3.44898602569507
2859,Anemia NOS,"Anemia, unspecified",25,1.0,1.0,0.1,-1.3883365595284323
0389,Septicemia NOS,Unspecified septicemia,24,1.0,1.0,0.1,-1.3883365595284323
2449,Hypothyroidism NOS,Unspecified acquired hypothyroidism,23,1.0,1.0,0.1,-1.3883365595284323
V5861,Long-term use anticoagul,Long-term (current) use of anticoagulants,18,1.0,1.0,0.1,-1.3883365595284323
41401,Crnry athrscl natve vssl,Coronary atherosclerosis of native coronary artery,18,1.0,1.0,0.1,-1.3883365595284323
2760,Hyperosmolality,Hyperosmolality and/or hypernatremia,17,1.0,1.0,0.1,-1.3883365595284323
2761,Hyposmolality,Hyposmolality and/or hyponatremia,17,1.0,1.0,0.1,-1.3883365595284323
2762,Acidosis,Acidosis,16,1.0,1.0,0.1,-1.3883365595284323
311,Depressive disorder NEC,"Depressive disorder, not elsewhere classified",16,1.0,1.0,0.1,-1.3883365595284323
53081,Esophageal reflux,Esophageal reflux,16,1.0,1.0,0.1,-1.3883365595284323
78552,Septic shock,Septic shock,16,3.0,1.0,0.4,3.44898602569507
5070,Food/vomit pneumonitis,Pneumonitis due to inhalation of food or vomitus,16,1.0,1.0,0.1,-1.3883365595284323
70703,"Pressure ulcer, low back","Pressure ulcer, lower back",15,1.0,1.0,0.1,-1.3883365595284323
3572,Neuropathy in diabetes,Polyneuropathy in diabetes,13,2.0,1.0,0.1,1.030324733083319
25060,DMII neuro nt st uncntrl,"Diabetes with neurological manifestations, type II or unspecified type, not stated as uncontrolled",12,1.0,1.0,0.1,-1.3883365595284323
4439,Periph vascular dis NOS,"Peripheral vascular disease, unspecified",12,1.0,1.0,0.1,-1.3883365595284323
5859,Chronic kidney dis NOS,"Chronic kidney disease, unspecified",12,2.0,1.0,0.1,1.030324733083319
496,Chr airway obstruct NEC,"Chronic airway obstruction, not elsewhere classified",11,1.0,1.0,0.1,-1.3883365595284323
2875,Thrombocytopenia NOS,"Thrombocytopenia, unspecified",10,1.0,1.0,0.1,-1.3883365595284323
40390,Hy kid NOS w cr kid I-IV,"Hypertensive chronic kidney disease, unspecified, with chronic kidney disease stage I through stage IV, or unspecified",10,1.0,1.0,0.1,-1.3883365595284323
2851,Ac posthemorrhag anemia,Acute posthemorrhagic anemia,10,1.0,1.0,0.1,-1.3883365595284323
4240,Mitral valve disorder,Mitral valve disorders,10,1.0,1.0,0.1,-1.3883365595284323
5119,Pleural effusion NOS,Unspecified pleural effusion,10,1.0,1.0,0.1,-1.3883365595284323
99591,Sepsis,Sepsis,10,3.0,1.0,0.4,3.44898602569507
41071,"Subendo infarct, initial","Subendocardial infarction, initial episode of care",9,1.5,1.0,0.1,-0.17900591322255668
V440,Tracheostomy status,Tracheostomy status,9,1.5,1.0,0.1,-0.17900591322255668
2948,Mental disor NEC oth dis,Other persistent mental disorders due to conditions classified elsewhere,9,1.5,1.0,0.1,-0.17900591322255668
V4581,Aortocoronary bypass,Aortocoronary bypass status,9,1.5,1.0,0.1,-0.17900591322255668
1977,Second malig neo liver,"Malignant neoplasm of liver, secondary",9,1.5,1.0,0.1,-0.17900591322255668
0414,Unknown diagnosis 0414,Unknown diagnosis code 0414,8,1.5,1.0,0.1,-0.17900591322255668
1970,Secondary malig neo lung,Secondary malignant neoplasm of lung,8,1.5,1.0,0.1,-0.17900591322255668
V5867,Long-term use of insulin,Long-term (current) use of insulin,8,1.5,1.0,0.1,-0.17900591322255668
V1251,Hx-ven thrombosis/embols,Personal history of venous thrombosis and embolism,7,1.5,1.0,0.1,-0.17900591322255668
41400,Cor ath unsp vsl ntv/gft,"Coronary atherosclerosis of unspecified type of vessel, native or graft",7,1.5,1.0,0.1,-0.17900591322255668
2930,Delirium d/t other cond,Delirium due to conditions classified elsewhere,7,1.5,1.0,0.1,-0.17900591322255668
40391,Hyp kid NOS w cr kid V,"Hypertensive chronic kidney disease, unspecified, with chronic kidney disease stage V or end stage renal disease",7,1.5,1.0,0.1,-0.17900591322255668
32723,Obstructive sleep apnea,Obstructive sleep apnea (adult)(pediatric),7,1.5,1.0,0.1,-0.17900591322255668
V103,Hx of breast malignancy,Personal history of malignant neoplasm of breast,7,1.5,1.0,0.1,-0.17900591322255668
00845,Int inf clstrdium dfcile,Intestinal infection due to Clostridium difficile,7,1.5,1.0,0.1,-0.17900591322255668
2768,Hypopotassemia,Hypopotassemia,7,1.5,1.0,0.1,-0.17900591322255668
2800,Chr blood loss anemia,Iron deficiency anemia secondary to blood loss (chronic),6,1.5,1.0,0.1,-0.17900591322255668
V1582,History of tobacco use,Personal history of tobacco use,6,1.5,1.0,0.1,-0.17900591322255668
5845,"Ac kidny fail, tubr necr",Acute kidney failure with lesion of tubular necrosis,6,1.5,1.0,0.1,-0.17900591322255668
5180,Pulmonary collapse,Pulmonary collapse,6,1.5,1.0,0.1,-0.17900591322255668
1985,Secondary malig neo bone,Secondary malignant neoplasm of bone and bone marrow,6,1.5,1.0,0.1,-0.17900591322255668
2749,Gout NOS,"Gout, unspecified",6,1.5,1.0,0.1,-0.17900591322255668
4241,Aortic valve disorder,Aortic valve disorders,6,1.5,1.0,0.1,-0.17900591322255668
42832,Chr diastolic hrt fail,Chronic diastolic heart failure,6,1.5,1.0,0.1,-0.17900591322255668
7907,Bacteremia,Bacteremia,6,1.5,1.0,0.1,-0.17900591322255668
5789,Gastrointest hemorr NOS,"Hemorrhage of gastrointestinal tract, unspecified",6,1.5,1.0,0.1,-0.17900591322255668
570,Acute necrosis of liver,Acute and subacute necrosis of liver,6,3.5,1.0,0.1,4.658316672000946
V4582,Status-post ptca,Percutaneous transluminal coronary angioplasty status,6,1.5,1.0,0.1,-0.17900591322255668
5185,Unknown diagnosis 5185,Unknown diagnosis code 5185,5,1.5,1.0,0.1,-0.17900591322255668
2765,Unknown diagnosis 2765,Unknown diagnosis code 2765,5,1.5,1.0,0.1,-0.17900591322255668
2720,Pure hypercholesterolem,Pure hypercholesterolemia,5,1.5,1.0,0.1,-0.17900591322255668
70722,"Pressure ulcer, stage II","Pressure ulcer, stage II",5,1.5,1.0,0.1,-0.17900591322255668
73300,Osteoporosis NOS,"Osteoporosis, unspecified",5,1.5,1.0,0.1,-0.17900591322255668
2767,Hyperpotassemia,Hyperpotassemia,5,1.5,1.0,0.1,-0.17900591322255668
45829,Iatrogenc hypotnsion NEC,Other iatrogenic hypotension,5,1.5,1.0,0.1,-0.17900591322255668
28529,Anemia-other chronic dis,Anemia of other chronic disease,5,2.5,1.0,0.1,2.2396553793891947
3970,Tricuspid valve disease,Diseases of tricuspid valve,5,1.5,1.0,0.1,-0.17900591322255668
78959,Ascites NEC,Other ascites,5,1.5,1.0,0.1,-0.17900591322255668
49390,Asthma NOS,"Asthma, unspecified type, unspecified",5,1.5,1.0,0.1,-0.17900591322255668
5712,Alcohol cirrhosis liver,Alcoholic cirrhosis of liver,5,1.5,1.0,0.1,-0.17900591322255668
78551,Cardiogenic shock,Cardiogenic shock,5,3.5,1.0,0.4,4.658316672000946
42789,Cardiac dysrhythmias NEC,Other specified cardiac dysrhythmias,5,1.5,1.0,0.1,-0.17900591322255668
1983,Sec mal neo brain/spine,Secondary malignant neoplasm of brain and spinal cord,4,1.5,1.0,0.1,-0.17900591322255668
3320,Paralysis agitans,Paralysis agitans,4,1.5,1.0,0.1,-0.17900591322255668
2763,Alkalosis,Alkalosis,4,1.5,1.0,0.1,-0.17900591322255668
4271,Parox ventric tachycard,Paroxysmal ventricular tachycardia,4,1.5,1.0,0.1,-0.17900591322255668
53390,Peptic ulcer NOS,"Peptic ulcer of unspecified site, unspecified as acute or chronic, without mention of hemorrhage or perforation, without mention of obstruction",4,1.5,1.0,0.1,-0.17900591322255668
49121,Obs chr bronc w(ac) exac,Obstructive chronic bronchitis with (acute) exacerbation,4,1.5,1.0,0.1,-0.17900591322255668
1628,Mal neo bronch/lung NEC,Malignant neoplasm of other parts of bronchus or lung,4,1.5,1.0,0.1,-0.17900591322255668
45981,Venous insufficiency NOS,"Venous (peripheral) insufficiency, unspecified",4,1.5,1.0,0.1,-0.17900591322255668
1976,Sec mal neo peritoneum,Secondary malignant neoplasm of retroperitoneum and peritoneum,4,1.5,1.0,0.1,-0.17900591322255668
V153,Hx of irradiation,"Personal history of irradiation, presenting hazards to health",4,1.5,1.0,0.1,-0.17900591322255668
20280,Oth lymp unsp xtrndl org,"Other malignant lymphomas, unspecified site, extranodal and solid organ sites",4,1.5,1.0,0.1,-0.17900591322255668
3051,Tobacco use disorder,Tobacco use disorder,4,1.5,1.0,0.1,-0.17900591322255668
5722,Hepatic encephalopathy,Hepatic encephalopathy,4,1.5,1.0,0.1,-0.17900591322255668
79092,Abnrml coagultion prfile,Abnormal coagulation profile,4,1.5,1.0,0.1,-0.17900591322255668
42821,Ac systolic hrt failure,Acute systolic heart failure,4,3.5,1.0,0.4,4.658316672000946
28521,Anemia in chr kidney dis,Anemia in chronic kidney disease,4,1.5,1.0,0.1,-0.17900591322255668
70720,"Pressure ulcer,stage NOS","Pressure ulcer, unspecified stage",4,1.5,1.0,0.1,-0.17900591322255668
5856,End stage renal disease,End stage renal disease,4,1.5,1.0,0.1,-0.17900591322255668
70723,"Pressure ulcer,stage III","Pressure ulcer, stage III",3,1.5,1.0,0.1,-0.17900591322255668
4275,Cardiac arrest,Cardiac arrest,3,3.5,1.0,0.4,4.658316672000946
72400,Spinal stenosis NOS,"Spinal stenosis, unspecified region",3,1.5,1.0,0.1,-0.17900591322255668
V8741,Hx antineoplastic chemo,Personal history of antineoplastic chemotherapy,3,1.5,1.0,0.1,-0.17900591322255668
1510,Mal neo stomach cardia,Malignant neoplasm of cardia,3,1.5,1.0,0.1,-0.17900591322255668
5723,Portal hypertension,Portal hypertension,3,1.5,1.0,0.1,-0.17900591322255668
78820,Retention urine NOS,"Retention of urine, unspecified",3,1.5,1.0,0.1,-0.17900591322255668
45620,Bleed esoph var oth dis,"Esophageal varices in diseases classified elsewhere, with bleeding",3,1.5,1.0,0.1,-0.17900591322255668
V442,Ileostomy status,Ileostomy status,3,1.5,1.0,0.1,-0.17900591322255668
27801,Morbid obesity,Morbid obesity,3,1.5,1.0,0.1,-0.17900591322255668
452,Portal vein thrombosis,Portal vein thrombosis,3,1.5,1.0,0.1,-0.17900591322255668
5715,Cirrhosis of liver NOS,Cirrhosis of liver without mention of alcohol,3,1.5,1.0,0.1,-0.17900591322255668
70724,"Pressure ulcer, stage IV","Pressure ulcer, stage IV",3,1.5,1.0,0.1,-0.17900591322255668
03849,Gram-neg septicemia NEC,Other septicemia due to gram-negative organisms,3,1.5,1.0,0.1,-0.17900591322255668
78039,Convulsions NEC,Other convulsions,3,1.5,1.0,0.1,-0.17900591322255668
45340,Ac DVT/embl low ext NOS,Acute venous embolism and thrombosis of unspecified deep vessels of lower extremity,3,1.5,1.0,0.1,-0.17900591322255668
43853,Lt ef oth parals-bilat,"Late effects of cerebrovascular disease, other paralytic syndrome, bilateral",3,1.5,1.0,0.1,-0.17900591322255668
E8798,Abn react-procedure NEC,"Other specified procedures as the cause of abnormal reaction of patient, or of later complication, without mention of misadventure at time of procedure",3,1.5,1.0,0.1,-0.17900591322255668
42781,Sinoatrial node dysfunct,Sinoatrial node dysfunction,3,1.5,1.0,0.1,-0.17900591322255668
1961,Mal neo lymph-intrathor,Secondary and unspecified malignant neoplasm of intrathoracic lymph nodes,3,1.5,1.0,0.1,-0.17900591322255668
79902,Hypoxemia,Hypoxemia,3,1.5,1.0,0.1,-0.17900591322255668
V1302,Personal history UTI,"Personal history, urinary (tract) infection",3,1.5,1.0,0.1,-0.17900591322255668
3481,Anoxic brain damage,Anoxic brain damage,3,1.5,1.0,0.1,-0.17900591322255668
5750,Acute cholecystitis,Acute cholecystitis,3,3.5,1.0,0.1,4.658316672000946
2273,Benign neo pituitary,Benign neoplasm of pituitary gland and craniopharyngeal duct,3,1.5,1.0,0.1,-0.17900591322255668
V4501,Status cardiac pacemaker,Cardiac pacemaker in situ,3,1.5,1.0,0.1,-0.17900591322255668
27651,Dehydration,Dehydration,3,1.5,1.0,0.1,-0.17900591322255668
V667,Encountr palliative care,Encounter for palliative care,3,1.5,1.0,0.1,-0.17900591322255668
42833,Ac on chr diast hrt fail,Acute on chronic diastolic heart failure,3,1.5,1.0,0.1,-0.17900591322255668
V1201,Prsnl hst tuberculosis,Personal history of tuberculosis,3,1.5,1.0,0.1,-0.17900591322255668
70705,"Pressure ulcer, buttock","Pressure ulcer, buttock",3,1.5,1.0,0.1,-0.17900591322255668
V1042,Hx-uterus malignancy NEC,Personal history of malignant neoplasm of other parts of uterus,3,1.5,1.0,0.1,-0.17900591322255668
56400,Constipation NOS,"Constipation, unspecified",3,1.5,1.0,0.1,-0.17900591322255668
5121,Iatrogenic pneumothorax,Iatrogenic pneumothorax,3,1.5,1.0,0.1,-0.17900591322255668
99662,React-oth vasc dev/graft,"Infection and inflammatory reaction due to other vascular device, implant, and graft",3,1.5,1.0,0.1,-0.17900591322255668
41519,Pulm embol/infarct NEC,Other pulmonary embolism and infarction,3,1.5,1.0,0.1,-0.17900591322255668
261,Nutritional marasmus,Nutritional marasmus,3,1.5,1.0,0.1,-0.17900591322255668
3659,Glaucoma NOS,Unspecified glaucoma,3,1.5,1.0,0.1,-0.17900591322255668
E9331,Adv eff antineoplastic,Antineoplastic and immunosuppressive drugs causing adverse effects in therapeutic use,3,1.5,1.0,0.1,-0.17900591322255668
2639,Protein-cal malnutr NOS,Unspecified protein-calorie malnutrition,3,1.5,1.0,0.1,-0.17900591322255668
V0254,Meth resis Staph carrier,Carrier or suspected carrier of Methicillin resistant Staphylococcus aureus,3,1.5,1.0,0.1,-0.17900591322255668
4168,Chr pulmon heart dis NEC,Other chronic pulmonary heart diseases,3,1.5,1.0,0.1,-0.17900591322255668
4239,Pericardial disease NOS,Unspecified disease of pericardium,3,1.5,1.0,0.1,-0.17900591322255668
E8859,Fall from slipping NEC,"Fall from other slipping, tripping, or stumbling",3,1.5,1.0,0.1,-0.17900591322255668
6826,Cellulitis of leg,"Cellulitis and abscess of leg, except foot",3,1.5,1.0,0.1,-0.17900591322255668
431,Intracerebral hemorrhage,Intracerebral hemorrhage,3,1.5,1.0,0.1,-0.17900591322255668
E8781,Abn react-artif implant,"Surgical operation with implant of artificial internal device causing abnormal patient reaction, or later complication,without mention of misadventure at time of operation",3,1.5,1.0,0.1,-0.17900591322255668
E8889,Fall NOS,Unspecified fall,3,1.5,1.0,0.1,-0.17900591322255668
78559,Shock w/o trauma NEC,Other shock without mention of trauma,3,3.5,1.0,0.4,4.658316672000946
412,Old myocardial infarct,Old myocardial infarction,3,1.5,1.0,0.1,-0.17900591322255668
9971,Surg compl-heart,"Cardiac complications, not elsewhere classified",3,1.5,1.0,0.1,-0.17900591322255668
4160,Prim pulm hypertension,Primary pulmonary hypertension,3,1.5,1.0,0.1,-0.17900591322255668
V090,Inf mcrg rstn pncllins,Infection with microorganisms resistant to penicillins,3,1.5,1.0,0.1,-0.17900591322255668
4928,Emphysema NEC,Other emphysema,3,1.5,1.0,0.1,-0.17900591322255668
5770,Acute pancreatitis,Acute pancreatitis,3,3.5,1.0,0.1,4.658316672000946
30390,Alcoh dep NEC/NOS-unspec,"Other and unspecified alcohol dependence, unspecified",3,1.5,1.0,0.1,-0.17900591322255668
2554,Unknown diagnosis 2554,Unknown diagnosis code 2554,3,1.5,1.0,0.1,-0.17900591322255668
7850,Tachycardia NOS,"Tachycardia, unspecified",3,1.5,1.0,0.1,-0.17900591322255668
51919,Trachea & bronch dis NEC,Other diseases of trachea and bronchus,3,1.5,1.0,0.1,-0.17900591322255668
5781,Blood in stool,Blood in stool,2,1.5,1.0,0.1,-0.17900591322255668
5711,Ac alcoholic hepatitis,Acute alcoholic hepatitis,2,1.5,1.0,0.1,-0.17900591322255668
41041,"AMI inferior wall, init","Acute myocardial infarction of other inferior wall, initial episode of care",2,1.5,1.0,0.1,-0.17900591322255668
99811,Hemorrhage complic proc,Hemorrhage complicating a procedure,2,1.5,1.0,0.1,-0.17900591322255668
99682,Compl liver transplant,Complications of transplanted liver,2,1.5,2.5,0.1,-0.17900591322255668
2848,Unknown diagnosis 2848,Unknown diagnosis code 2848,2,1.5,1.0,0.1,-0.17900591322255668
34290,Unsp hemiplga unspf side,"Hemiplegia, unspecified, affecting unspecified side",2,1.5,1.0,0.1,-0.17900591322255668
V1581,Hx of past noncompliance,"Personal history of noncompliance with medical treatment, presenting hazards to health",2,1.5,1.0,0.1,-0.17900591322255668
53789,Gastroduodenal dis NEC,Other specified disorders of stomach and duodenum,2,1.5,1.0,0.1,-0.17900591322255668
V1003,Hx-esophageal malignancy,Personal history of malignant neoplasm of esophagus,2,1.5,1.0,0.1,-0.17900591322255668
4588,Hypotension NEC,Other specified hypotension,2,1.5,1.0,0.1,-0.17900591322255668
1122,Candidias urogenital NEC,Candidiasis of other urogenital sites,2,1.5,1.0,0.1,-0.17900591322255668
03811,Meth susc Staph aur sept,Methicillin susceptible Staphylococcus aureus septicemia,2,1.5,1.0,0.1,-0.17900591322255668
3569,Idio periph neurpthy NOS,Unspecified hereditary and idiopathic peripheral neuropathy,2,1.5,1.0,0.1,-0.17900591322255668
1120,Thrush,Candidiasis of mouth,2,1.5,1.0,0.1,-0.17900591322255668
E8495,Accid on street/highway,Street and highway accidents,2,1.5,1.0,0.1,-0.17900591322255668
V420,Kidney transplant status,Kidney replaced by transplant,2,1.5,2.5,0.1,-0.17900591322255668
28959,Spleen disease NEC,Other diseases of spleen,2,1.5,1.0,0.1,-0.17900591322255668
42741,Ventricular fibrillation,Ventricular fibrillation,2,1.5,1.0,0.1,-0.17900591322255668
99659,Malfunc oth device/graft,"Mechanical complication due to other implant and internal device, not elsewhere classified",2,1.5,1.0,0.1,-0.17900591322255668
V8801,Acq absnce cervix/uterus,Acquired absence of both cervix and uterus,2,1.5,1.0,0.1,-0.17900591322255668
20300,Mult mye w/o achv rmson,"Multiple myeloma, without mention of having achieved remission",2,1.5,1.0,0.1,-0.17900591322255668
2766,Unknown diagnosis 2766,Unknown diagnosis code 2766,2,1.5,1.0,0.1,-0.17900591322255668
0380,Streptococcal septicemia,Streptococcal septicemia,2,1.5,1.0,0.1,-0.17900591322255668
51882,Other pulmonary insuff,"Other pulmonary insufficiency, not elsewhere classified",2,1.5,1.0,0.1,-0.17900591322255668
4538,Unknown diagnosis 4538,Unknown diagnosis code 4538,2,1.5,1.0,0.1,-0.17900591322255668
60000,BPH w/o urinary obs/LUTS,Hypertrophy (benign) of prostate without urinary obstruction and other lower urinary tract symptom (LUTS),2,1.5,1.0,0.1,-0.17900591322255668
5761,Cholangitis,Cholangitis,2,1.5,1.0,0.1,-0.17900591322255668
51884,Acute & chronc resp fail,Acute and chronic respiratory failure,2,3.5,1.0,0.1,4.658316672000946
5853,Chr kidney dis stage III,"Chronic kidney disease, Stage III (moderate)",2,1.5,1.0,0.1,-0.17900591322255668
78009,Other alter consciousnes,Other alteration of consciousness,2,1.5,1.0,0.1,-0.17900591322255668
42822,Chr systolic hrt failure,Chronic systolic heart failure,2,3.5,1.0,0.4,4.658316672000946
0383,Anaerobic septicemia,Septicemia due to anaerobes,2,1.5,1.0,0.1,-0.17900591322255668
V1259,Hx-circulatory dis NEC,Personal history of other diseases of circulatory system,2,1.5,1.0,0.1,-0.17900591322255668
E8788,Abn react-surg proc NEC,"Other specified surgical operations and procedures causing abnormal patient reaction, or later complication, without mention of misadventure at time of operation",2,1.5,1.0,0.1,-0.17900591322255668
43810,Late ef-spch/lng def NOS,"Late effects of cerebrovascular disease, speech and language deficit, unspecified",2,1.5,1.0,0.1,-0.17900591322255668
1629,Mal neo bronch/lung NOS,"Malignant neoplasm of bronchus and lung, unspecified",2,1.5,1.0,0.1,-0.17900591322255668
3441,Paraplegia NOS,Paraplegia,2,1.5,1.0,0.1,-0.17900591322255668
99731,Ventltr assoc pneumonia,Ventilator associated pneumonia,2,2.5,1.0,0.1,2.2396553793891947
59970,Hematuria NOS,"Hematuria, unspecified",2,1.5,1.0,0.1,-0.17900591322255668
E9342,Adv eff anticoagulants,Anticoagulants causing adverse effects in therapeutic use,2,1.5,1.0,0.1,-0.17900591322255668
56211,Dvrtcli colon w/o hmrhg,Diverticulitis of colon (without mention of hemorrhage),2,1.5,1.0,0.1,-0.17900591322255668
5601,Paralytic ileus,Paralytic ileus,2,1.5,1.0,0.1,-0.17900591322255668
34590,Epilep NOS w/o intr epil,"Epilepsy, unspecified, without mention of intractable epilepsy",2,1.5,1.0,0.1,-0.17900591322255668
V1254,Hx TIA/stroke w/o resid,"Personal history of transient ischemic attack (TIA), and cerebral infarction without residual deficits",2,1.5,1.0,0.1,-0.17900591322255668
25002,DMII wo cmp uncntrld,"Diabetes mellitus without mention of complication, type II or unspecified type, uncontrolled",2,1.5,1.0,0.1,-0.17900591322255668
2841,Unknown diagnosis 2841,Unknown diagnosis code 2841,2,1.5,1.0,0.1,-0.17900591322255668
29562,Schizophr dis resid-chr,"Schizophrenic disorders, residual type, chronic",2,1.5,1.0,0.1,-0.17900591322255668
V433,Heart valve replac NEC,Heart valve replaced by other means,2,1.5,1.0,0.1,-0.17900591322255668
V4611,Respirator depend status,"Dependence on respirator, status",2,1.5,1.0,0.1,-0.17900591322255668
2874,Unknown diagnosis 2874,Unknown diagnosis code 2874,2,1.5,1.0,0.1,-0.17900591322255668
5672,Unknown diagnosis 5672,Unknown diagnosis code 5672,2,1.5,1.0,0.1,-0.17900591322255668
48283,Pneumo oth grm-neg bact,Pneumonia due to other gram-negative bacteria,2,1.5,1.0,0.1,-0.17900591322255668
53649,Gastrostomy comp NEC,Other gastrostomy complications,2,1.5,1.0,0.1,-0.17900591322255668
2764,Mixed acid-base bal dis,Mixed acid-base balance disorder,2,1.5,1.0,0.1,-0.17900591322255668
20020,Brkt tmr unsp xtrndl org,"Burkitt's tumor or lymphoma, unspecified site, extranodal and solid organ sites",2,1.5,1.0,0.1,-0.17900591322255668
30000,Anxiety state NOS,"Anxiety state, unspecified",2,1.5,1.0,0.1,-0.17900591322255668
1508,Mal neo esophagus NEC,Malignant neoplasm of other specified part of esophagus,2,1.5,1.0,0.1,-0.17900591322255668
E8796,Abn react-urinary cath,"Urinary catheterization as the cause of abnormal reaction of patient, or of later complication, without mention of misadventure at time of procedure",2,1.5,1.0,0.1,-0.17900591322255668
43889,Late effect CV dis NEC,Other late effects of cerebrovascular disease,2,1.5,1.0,0.1,-0.17900591322255668
78720,Dysphagia NOS,"Dysphagia, unspecified",2,1.5,1.0,0.1,-0.17900591322255668
99812,Hematoma complic proc,Hematoma complicating a procedure,2,1.5,1.0,0.1,-0.17900591322255668
48241,Meth sus pneum d/t Staph,Methicillin susceptible pneumonia due to Staphylococcus aureus,2,1.5,1.0,0.1,-0.17900591322255668
2530,Acromegaly and gigantism,Acromegaly and gigantism,2,1.5,1.0,0.1,-0.17900591322255668
43819,Late ef-spch/lang df NEC,"Late effects of cerebrovascular disease, other speech and language deficits",2,1.5,1.0,0.1,-0.17900591322255668
56409,Constipation NEC,Other constipation,2,1.5,1.0,0.1,-0.17900591322255668
2753,Dis phosphorus metabol,Disorders of phosphorus metabolism,2,1.5,1.0,0.1,-0.17900591322255668
99664,React-indwell urin cath,Infection and inflammatory reaction due to indwelling urinary catheter,2,1.5,1.0,0.1,-0.17900591322255668
V1204,Hx Methicln resist Staph,Personal history of Methicillin resistant Staphylococcus aureus,2,1.5,1.0,0.1,-0.17900591322255668
E9308,Adv eff antibiotics NEC,Other specified antibiotics causing adverse effects in therapeutic use,2,1.5,1.0,0.1,-0.17900591322255668
03812,MRSA septicemia,Methicillin resistant Staphylococcus aureus septicemia,2,1.5,1.0,0.1,-0.17900591322255668
48242,Meth res pneu d/t Staph,Methicillin resistant pneumonia due to Staphylococcus aureus,2,1.5,1.0,0.1,-0.17900591322255668
E8120,Mv collision NOS-driver,Other motor vehicle traffic accident involving collision with motor vehicle injuring driver of motor vehicle other than motorcycle,2,1.5,1.0,0.1,-0.17900591322255668
53019,Other esophagitis,Other esophagitis,2,1.5,1.0,0.1,-0.17900591322255668
29410,Dementia w/o behav dist,Dementia in conditions classified elsewhere without behavioral disturbance,2,1.5,1.0,0.1,-0.17900591322255668
4254,Prim cardiomyopathy NEC,Other primary cardiomyopathies,2,1.5,1.0,0.1,-0.17900591322255668
56210,Dvrtclo colon w/o hmrhg,Diverticulosis of colon (without mention of hemorrhage),2,1.5,1.0,0.1,-0.17900591322255668
490,Bronchitis NOS,"Bronchitis, not specified as acute or chronic",2,1.5,1.0,0.1,-0.17900591322255668
4589,Hypotension NOS,"Hypotension, unspecified",2,1.5,1.0,0.1,-0.17900591322255668
43811,Late eff CV dis-aphasia,"Late effects of cerebrovascular disease, aphasia",2,1.5,1.0,0.1,-0.17900591322255668
43310,Ocl crtd art wo infrct,Occlusion and stenosis of carotid artery without mention of cerebral infarction,2,1.5,1.0,0.1,-0.17900591322255668
V441,Gastrostomy status,Gastrostomy status,2,1.5,1.0,0.1,-0.17900591322255668
4370,Cerebral atherosclerosis,Cerebral atherosclerosis,2,1.5,1.0,0.1,-0.17900591322255668
V1083,Hx-skin malignancy NEC,Personal history of other malignant neoplasm of skin,2,1.5,1.0,0.1,-0.17900591322255668
42843,Ac/chr syst/dia hrt fail,Acute on chronic combined systolic and diastolic heart failure,2,1.5,1.0,0.1,-0.17900591322255668
1962,Mal neo lymph intra-abd,Secondary and unspecified malignant neoplasm of intra-abdominal lymph nodes,2,1.5,1.0,0.1,-0.17900591322255668
5724,Hepatorenal syndrome,Hepatorenal syndrome,2,1.5,1.0,0.1,-0.17900591322255668
36250,Macular degeneration NOS,"Macular degeneration (senile), unspecified",2,1.5,1.0,0.1,-0.17900591322255668
V1272,Prsnl hst colonic polyps,Personal history of colonic polyps,2,1.5,1.0,0.1,-0.17900591322255668
5780,Hematemesis,Hematemesis,2,1.5,1.0,0.1,-0.17900591322255668
27652,Hypovolemia,Hypovolemia,2,1.5,1.0,0.1,-0.17900591322255668
319,Intellect disability NOS,Unspecified intellectual disabilities,2,1.5,1.0,0.1,-0.17900591322255668
3310,Alzheimer's disease,Alzheimer's disease,2,1.5,1.0,0.1,-0.17900591322255668
39891,Rheumatic heart failure,Rheumatic heart failure (congestive),2,3.5,1.0,0.4,4.658316672000946
3962,Mitral insuf/aort stenos,Mitral valve insufficiency and aortic valve stenosis,2,1.5,1.0,0.1,-0.17900591322255668
1972,Second malig neo pleura,Secondary malignant neoplasm of pleura,2,1.5,1.0,0.1,-0.17900591322255668
7895,Unknown diagnosis 7895,Unknown diagnosis code 7895,2,1.5,1.0,0.1,-0.17900591322255668
725,Polymyalgia rheumatica,Polymyalgia rheumatica,2,1.5,1.0,0.1,-0.17900591322255668
28522,Anemia in neoplastic dis,Anemia in neoplastic disease,2,1.5,1.0,0.1,-0.17900591322255668
7806,Unknown diagnosis 7806,Unknown diagnosis code 7806,2,1.5,1.0,0.1,-0.17900591322255668
04112,MRSA elsewhere/NOS,Methicillin resistant Staphylococcus aureus in conditions classified elsewhere and of unspecified site,2,1.5,1.0,0.1,-0.17900591322255668
42831,Ac diastolic hrt failure,Acute diastolic heart failure,2,3.5,1.0,0.4,4.658316672000946
07070,Hpt C w/o hepat coma NOS,Unspecified viral hepatitis C without hepatic coma,2,1.5,1.0,0.1,-0.17900591322255668
2867,Acq coagul factor defic,Acquired coagulation factor deficiency,2,1.5,1.0,0.1,-0.17900591322255668
5939,Renal & ureteral dis NOS,Unspecified disorder of kidney and ureter,2,1.5,1.0,0.1,-0.17900591322255668
42830,Diastolc hrt failure NOS,"Diastolic heart failure, unspecified",2,3.5,1.0,0.4,4.658316672000946
5728,"Oth sequela, chr liv dis",Other sequelae of chronic liver disease,1,1.5,1.0,0.1,-0.17900591322255668
78900,Abdmnal pain unspcf site,"Abdominal pain, unspecified site",1,1.5,1.0,0.1,-0.17900591322255668
E9289,Accident NOS,Unspecified accident,1,1.5,1.0,0.1,-0.17900591322255668
V4571,Acq absnce breast/nipple,Acquired absence of breast and nipple,1,1.5,1.0,0.1,-0.17900591322255668
4270,Parox atrial tachycardia,Paroxysmal supraventricular tachycardia,1,1.5,1.0,0.1,-0.17900591322255668
43411,Crbl emblsm w infrct,Cerebral embolism with cerebral infarction,1,1.5,1.0,0.1,-0.17900591322255668
3484,Compression of brain,Compression of brain,1,1.5,1.0,0.1,-0.17900591322255668
7823,Edema,Edema,1,1.5,1.0,0.1,-0.17900591322255668
4739,Chronic sinusitis NOS,Unspecified sinusitis (chronic),1,2.5,1.0,0.1,2.2396553793891947
V4572,Acquire absnce intestine,Acquired absence of intestine (large) (small),1,1.5,1.0,0.1,-0.17900591322255668
V4986,Do not resusctate status,Do not resuscitate status,1,1.5,1.0,0.1,-0.17900591322255668
71590,Osteoarthros NOS-unspec,"Osteoarthrosis, unspecified whether generalized or localized, site unspecified",1,1.5,1.0,0.1,-0.17900591322255668
03840,Gram-neg septicemia NOS,"Septicemia due to gram-negative organism, unspecified",1,1.5,1.0,0.1,-0.17900591322255668
28731,Immune thrombocyt purpra,Immune thrombocytopenic purpura,1,1.5,1.0,0.1,-0.17900591322255668
4149,Chr ischemic hrt dis NOS,"Chronic ischemic heart disease, unspecified",1,1.5,1.0,0.1,-0.17900591322255668
2689,Vitamin D deficiency NOS,Unspecified vitamin D deficiency,1,1.5,1.0,0.1,-0.17900591322255668
59971,Gross hematuria,Gross hematuria,1,1.5,1.0,0.1,-0.17900591322255668
8670,Bladder/urethra inj-clos,"Injury to bladder and urethra, without mention of open wound into cavity",1,1.5,1.0,0.1,-0.17900591322255668
85221,Subdural hem w/o coma,"Subdural hemorrhage following injury without mention of open intracranial wound, with no loss of consciousness",1,1.5,1.0,0.1,-0.17900591322255668
4549,Asympt varicose veins,Asymptomatic varicose veins,1,1.5,1.0,0.1,-0.17900591322255668
43882,Late ef CV dis dysphagia,"Other late effects of cerebrovascular disease, dysphagia",1,1.5,1.0,0.1,-0.17900591322255668
2511,Oth spcf hypoglycemia,Other specified hypoglycemia,1,1.5,1.0,0.1,-0.17900591322255668
1975,Sec malig neo lg bowel,Secondary malignant neoplasm of large intestine and rectum,1,1.5,1.0,0.1,-0.17900591322255668
71690,Arthropathy NOS-unspec,"Arthropathy, unspecified, site unspecified",1,1.5,1.0,0.1,-0.17900591322255668
1539,Malignant neo colon NOS,"Malignant neoplasm of colon, unspecified site",1,3.5,1.0,0.4,4.658316672000946
0416,Proteus infection NOS,Proteus (mirabilis) (morganii) infection in conditions classified elsewhere and of unspecified site,1,2.5,1.0,0.1,2.2396553793891947
43491,Crbl art ocl NOS w infrc,"Cerebral artery occlusion, unspecified with cerebral infarction",1,1.5,1.0,0.1,-0.17900591322255668
80501,Fx c1 vertebra-closed,Closed fracture of first cervical vertebra,1,1.5,1.0,0.1,-0.17900591322255668
33829,Chronic pain NEC,Other chronic pain,1,2.5,1.0,0.1,2.2396553793891947
51189,Effusion NEC exc tb,"Other specified forms of effusion, except tuberculous",1,1.5,1.0,0.1,-0.17900591322255668
28860,Leukocytosis NOS,"Leukocytosis, unspecified",1,1.5,1.0,0.1,-0.17900591322255668
59960,Urinary obstruction NOS,"Urinary obstruction, unspecified",1,1.5,1.0,0.1,-0.17900591322255668
70721,"Pressure ulcer, stage I","Pressure ulcer, stage I",1,1.5,1.0,0.1,-0.17900591322255668
5989,Urethral stricture NOS,"Urethral stricture, unspecified",1,1.5,1.0,0.1,-0.17900591322255668
53642,Gastrostomy comp - mech,Mechanical complication of gastrostomy,1,1.5,1.0,0.1,-0.17900591322255668
9974,Unknown diagnosis 9974,Unknown diagnosis code 9974,1,1.5,1.0,0.1,-0.17900591322255668
5109,Empyema w/o fistula,Empyema without mention of fistula,1,1.5,1.0,0.1,-0.17900591322255668
0413,Klebsiella pneumoniae,Friedl?nder's bacillus infection in conditions classified elsewhere and of unspecified site,1,2.5,1.0,0.1,2.2396553793891947
5960,Bladder neck obstruction,Bladder neck obstruction,1,1.5,1.0,0.1,-0.17900591322255668
51909,Tracheostomy comp NEC,Other tracheostomy complications,1,1.5,1.0,0.1,-0.17900591322255668
03842,E coli septicemia,Septicemia due to escherichia coli [E. coli],1,1.5,1.0,0.1,-0.17900591322255668
E9429,Adv eff cardiovasc NEC,Other and unspecified agents primarily affecting the cardiovascular system causing adverse effects in therapeutic use,1,1.5,1.0,0.1,-0.17900591322255668
5772,Pancreat cyst/pseudocyst,Cyst and pseudocyst of pancreas,1,1.5,1.0,0.1,-0.17900591322255668
2839,Acq hemolytic anemia NOS,"Acquired hemolytic anemia, unspecified",1,1.5,1.0,0.1,-0.17900591322255668
V4984,Bed confinement status,Bed confinement status,1,1.5,1.0,0.1,-0.17900591322255668
5855,Chron kidney dis stage V,"Chronic kidney disease, Stage V",1,1.5,1.0,0.1,-0.17900591322255668
7810,Abn involun movement NEC,Abnormal involuntary movements,1,1.5,1.0,0.1,-0.17900591322255668
1561,Mal neo extrahepat ducts,Malignant neoplasm of extrahepatic bile ducts,1,1.5,1.0,0.1,-0.17900591322255668
E9290,Late eff motor vehic acc,Late effects of motor vehicle accident,1,1.5,1.0,0.1,-0.17900591322255668
V444,Enterostomy status NEC,Status of other artificial opening of gastrointestinal tract,1,1.5,1.0,0.1,-0.17900591322255668
514,Pulm congest/hypostasis,Pulmonary congestion and hypostasis,1,1.5,1.0,0.1,-0.17900591322255668
25062,DMII neuro uncntrld,"Diabetes with neurological manifestations, type II or unspecified type, uncontrolled",1,1.5,1.0,0.1,-0.17900591322255668
0417,Pseudomonas infect NOS,Pseudomonas infection in conditions classified elsewhere and of unspecified site,1,1.5,1.0,0.1,-0.17900591322255668
V5411,Aftrcare traum fx up arm,Aftercare for healing traumatic fracture of upper arm,1,1.5,1.0,0.1,-0.17900591322255668
1541,Malignant neopl rectum,Malignant neoplasm of rectum,1,3.5,1.0,0.4,4.658316672000946
V5419,Aftrce traum fx bone NEC,Aftercare for healing traumatic fracture of other bone,1,1.5,1.0,0.1,-0.17900591322255668
V550,Atten to tracheostomy,Attention to tracheostomy,1,1.5,1.0,0.1,-0.17900591322255668
34400,"Quadriplegia, unspecifd","Quadriplegia, unspecified",1,1.5,1.0,0.1,-0.17900591322255668
2752,Dis magnesium metabolism,Disorders of magnesium metabolism,1,1.5,1.0,0.1,-0.17900591322255668
34830,Encephalopathy NOS,"Encephalopathy, unspecified",1,1.5,1.0,0.1,-0.17900591322255668
47831,Vocal paral unilat part,"Unilateral paralysis of vocal cords or larynx, partial",1,1.5,1.0,0.1,-0.17900591322255668
5566,Univrsl ulcertve colitis,Universal ulcerative (chronic) colitis,1,1.5,1.0,0.1,-0.17900591322255668
340,Multiple sclerosis,Multiple sclerosis,1,1.5,1.0,0.1,-0.17900591322255668
8052,Fx dorsal vertebra-close,Closed fracture of dorsal [thoracic] vertebra without mention of spinal cord injury,1,1.5,1.0,0.1,-0.17900591322255668
59582,Irradiation cystitis,Irradiation cystitis,1,1.5,1.0,0.1,-0.17900591322255668
8600,Traum pneumothorax-close,Traumatic pneumothorax without mention of open wound into thorax,1,1.5,1.0,0.1,-0.17900591322255668
75321,Congen obst urtroplv jnc,Congenital obstruction of ureteropelvic junction,1,1.5,1.0,0.1,-0.17900591322255668
5533,Diaphragmatic hernia,Diaphragmatic hernia without mention of obstruction or gangrene,1,1.5,1.0,0.1,-0.17900591322255668
56949,Rectal & anal dis NEC,Other specified disorders of rectum and anus,1,1.5,1.0,0.1,-0.17900591322255668
5641,Irritable bowel syndrome,Irritable bowel syndrome,1,1.5,1.0,0.1,-0.17900591322255668
27650,Volume depletion NOS,"Volume depletion, unspecified",1,1.5,1.0,0.1,-0.17900591322255668
07044,Chrnc hpt C w hepat Coma,Chronic hepatitis C with hepatic coma,1,1.5,1.0,0.1,-0.17900591322255668
6191,"Digest-genit fistul, fem","Digestive-genital tract fistula, female",1,1.5,1.0,0.1,-0.17900591322255668
20410,Ch lym leuk wo achv rmsn,"Chronic lymphoid leukemia, without mention of having achieved remission",1,1.5,1.0,0.1,-0.17900591322255668
V462,Depend-supplement oxygen,"Other dependence on machines, supplemental oxygen",1,1.5,1.0,0.1,-0.17900591322255668
47833,Vocal paral bilat part,"Bilateral paralysis of vocal cords or larynx, partial",1,1.5,1.0,0.1,-0.17900591322255668
43850,Lt ef oth paral side NOS,"Late effects of cerebrovascular disease, other paralytic syndrome affecting unspecified side",1,1.5,1.0,0.1,-0.17900591322255668
7991,Respiratory arrest,Respiratory arrest,1,3.5,1.0,0.4,4.658316672000946
5303,Esophageal stricture,Stricture and stenosis of esophagus,1,1.5,1.0,0.1,-0.17900591322255668
5602,Volvulus of intestine,Volvulus,1,1.5,1.0,0.1,-0.17900591322255668
42652,Rt bbb/lft ant fasc blk,Right bundle branch block and left anterior fascicular block,1,1.5,1.0,0.1,-0.17900591322255668
V1041,Hx-cervical malignancy,Personal history of malignant neoplasm of cervix uteri,1,1.5,1.0,0.1,-0.17900591322255668
V5865,Long-term use steroids,Long-term (current) use of steroids,1,1.5,1.0,0.1,-0.17900591322255668
E8792,Abn react-radiotherapy,"Radiological procedure and radiotherapy as the cause of abnormal reaction of patient, or of later complication, without mention of misadventure at time of procedure",1,1.5,1.0,0.1,-0.17900591322255668
8830,Open wound of finger,"Open wound of finger(s), without mention of complication",1,1.5,1.0,0.1,-0.17900591322255668
49322,Ch obst asth w (ac) exac,Chronic obstructive asthma with (acute) exacerbation,1,1.5,1.0,0.1,-0.17900591322255668
53082,Esophageal hemorrhage,Esophageal hemorrhage,1,1.5,1.0,0.1,-0.17900591322255668
E8497,Accid in resident instit,Accidents occurring in residential institution,1,1.5,1.0,0.1,-0.17900591322255668
99631,Malfunc urethral cath,Mechanical complication due to urethral (indwelling) catheter,1,1.5,1.0,0.1,-0.17900591322255668
44020,Athscl extrm ntv art NOS,"Atherosclerosis of native arteries of the extremities, unspecified",1,1.5,1.0,0.1,-0.17900591322255668
25070,DMII circ nt st uncntrld,"Diabetes with peripheral circulatory disorders, type II or unspecified type, not stated as uncontrolled",1,1.5,1.0,0.1,-0.17900591322255668
71940,Joint pain-unspec,"Pain in joint, site unspecified",1,1.5,1.0,0.1,-0.17900591322255668
53190,Stomach ulcer NOS,"Gastric ulcer, unspecified as acute or chronic, without mention of hemorrhage or perforation, without mention of obstruction",1,1.5,1.0,0.1,-0.17900591322255668
7802,Syncope and collapse,Syncope and collapse,1,1.5,1.0,0.1,-0.17900591322255668
V425,Cornea transplant status,Cornea replaced by transplant,1,1.5,2.5,0.1,-0.17900591322255668
30301,Ac alcohol intox-contin,"Acute alcoholic intoxication in alcoholism, continuous",1,1.5,1.0,0.1,-0.17900591322255668
2536,Neurohypophysis dis NEC,Other disorders of neurohypophysis,1,1.5,1.0,0.1,-0.17900591322255668
25080,DMII oth nt st uncntrld,"Diabetes with other specified manifestations, type II or unspecified type, not stated as uncontrolled",1,1.5,1.0,0.1,-0.17900591322255668
2989,Psychosis NOS,Unspecified psychosis,1,1.5,1.0,0.1,-0.17900591322255668
29181,Alcohol withdrawal,Alcohol withdrawal,1,1.5,1.0,0.1,-0.17900591322255668
3963,Mitral/aortic val insuff,Mitral valve insufficiency and aortic valve insufficiency,1,1.5,1.0,0.1,-0.17900591322255668
4142,Chr tot occlus cor artry,Chronic total occlusion of coronary artery,1,1.5,1.0,0.1,-0.17900591322255668
4139,Angina pectoris NEC/NOS,Other and unspecified angina pectoris,1,1.5,1.0,0.1,-0.17900591322255668
V4983,Await organ transplnt st,Awaiting organ transplant status,1,1.5,1.0,0.1,-0.17900591322255668
3315,Norml pressure hydroceph,Idiopathic normal pressure hydrocephalus (INPH),1,1.5,1.0,0.1,-0.17900591322255668
34570,Epil par cont w/o int ep,"Epilepsia partialis continua, without mention of intractable epilepsy",1,1.5,1.0,0.1,-0.17900591322255668
28984,Heparin-indu thrombocyto,Heparin-induced thrombocytopenia (HIT),1,1.5,1.0,0.1,-0.17900591322255668
1623,Mal neo upper lobe lung,"Malignant neoplasm of upper lobe, bronchus or lung",1,1.5,1.0,0.1,-0.17900591322255668
V452,Ventricular shunt status,Presence of cerebrospinal fluid drainage device,1,1.5,1.0,0.1,-0.17900591322255668
72989,Muscskel sympt limb NEC,Other musculoskeletal symptoms referable to limbs,1,1.5,1.0,0.1,-0.17900591322255668
7580,Down's syndrome,Down's syndrome,1,1.5,1.0,0.1,-0.17900591322255668
3669,Cataract NOS,Unspecified cataract,1,1.5,1.0,0.1,-0.17900591322255668
79094,Euthyroid sick syndrome,Euthyroid sick syndrome,1,1.5,1.0,0.1,-0.17900591322255668
E8490,Accident in home,Home accidents,1,1.5,1.0,0.1,-0.17900591322255668
37410,Ectropion NOS,"Ectropion, unspecified",1,1.5,1.0,0.1,-0.17900591322255668
E8809,Fall on stair/step NEC,Accidental fall on or from other stairs or steps,1,1.5,1.0,0.1,-0.17900591322255668
8911,Open wnd knee/leg-compl,"Open wound of knee, leg [except thigh], and ankle, complicated",1,1.5,1.0,0.1,-0.17900591322255668
78060,Fever NOS,"Fever, unspecified",1,1.5,1.0,0.1,-0.17900591322255668
80502,Fx c2 vertebra-closed,Closed fracture of second cervical vertebra,1,1.5,1.0,0.1,-0.17900591322255668
30393,Alcoh dep NEC/NOS-remiss,"Other and unspecified alcohol dependence, in remission",1,1.5,1.0,0.1,-0.17900591322255668
45621,Esoph varice oth dis NOS,"Esophageal varices in diseases classified elsewhere, without mention of bleeding",1,1.5,1.0,0.1,-0.17900591322255668
V1301,Prsnl hst urnr dsrd calc,Personal history of urinary calculi,1,1.5,1.0,0.1,-0.17900591322255668
7994,Cachexia,Cachexia,1,1.5,1.0,0.1,-0.17900591322255668
193,Malign neopl thyroid,Malignant neoplasm of thyroid gland,1,1.5,1.0,0.1,-0.17900591322255668
E8700,Acc cut/hem in surgery,"Accidental cut, puncture, perforation or hemorrhage during surgical operation",1,1.5,2.5,0.1,-0.17900591322255668
9982,Accidental op laceration,"Accidental puncture or laceration during a procedure, not elsewhere classified",1,1.5,1.0,0.1,-0.17900591322255668
1966,Mal neo lymph-intrapelv,Secondary and unspecified malignant neoplasm of intrapelvic lymph nodes,1,1.5,1.0,0.1,-0.17900591322255668
1890,Malig neopl kidney,"Malignant neoplasm of kidney, except pelvis",1,1.5,1.0,0.1,-0.17900591322255668
4233,Cardiac tamponade,Cardiac tamponade,1,1.5,1.0,0.1,-0.17900591322255668
E9379,Adv eff sedat/hypnot NOS,Unspecified sedatives and hypnotics causing adverse effects in therapeutic use,1,1.5,1.0,0.1,-0.17900591322255668
4531,Thrombophlebitis migrans,Thrombophlebitis migrans,1,1.5,1.0,0.1,-0.17900591322255668
70707,"Pressure ulcer, heel","Pressure ulcer, heel",1,1.5,1.0,0.1,-0.17900591322255668
1570,Mal neo pancreas head,Malignant neoplasm of head of pancreas,1,1.5,1.0,0.1,-0.17900591322255668
3968,Mitr/aortic mult involv,Multiple involvement of mitral and aortic valves,1,1.5,1.0,0.1,-0.17900591322255668
37230,Conjunctivitis NOS,"Conjunctivitis, unspecified",1,1.5,1.0,0.1,-0.17900591322255668
43401,Crbl thrmbs w infrct,Cerebral thrombosis with cerebral infarction,1,1.5,1.0,0.1,-0.17900591322255668
30391,Alcoh dep NEC/NOS-contin,"Other and unspecified alcohol dependence, continuous",1,1.5,1.0,0.1,-0.17900591322255668
85225,Subdural hem-deep coma,"Subdural hemorrhage following injury without mention of open intracranial wound, with prolonged [more than 24 hours] loss of consciousness without return to pre-existing conscious level",1,1.5,1.0,0.1,-0.17900591322255668
78722,"Dysphagia, oropharyngeal","Dysphagia, oropharyngeal phase",1,1.5,1.0,0.1,-0.17900591322255668
5762,Obstruction of bile duct,Obstruction of bile duct,1,1.5,1.0,0.1,-0.17900591322255668
V551,Atten to gastrostomy,Attention to gastrostomy,1,1.5,1.0,0.1,-0.17900591322255668
04111,Mth sus Stph aur els/NOS,Methicillin susceptible Staphylococcus aureus in conditions classified elsewhere and of unspecified site,1,1.5,1.0,0.1,-0.17900591322255668
29041,Vasc dementia w delirium,"Vascular dementia, with delirium",1,1.5,1.0,0.1,-0.17900591322255668
04182,Bacteroides fragilis,Bacteroides fragilis,1,1.5,1.0,0.1,-0.17900591322255668
04104,Enterococcus group d,"Streptococcus infection in conditions classified elsewhere and of unspecified site, streptococcus, group D [Enterococcus]",1,1.5,1.0,0.1,-0.17900591322255668
2738,Dis plas protein met NEC,Other disorders of plasma protein metabolism,1,1.5,1.0,0.1,-0.17900591322255668
7872,Unknown diagnosis 7872,Unknown diagnosis code 7872,1,1.5,1.0,0.1,-0.17900591322255668
2739,Dis plas protein met NOS,Unspecified disorder of plasma protein metabolism,1,1.5,1.0,0.1,-0.17900591322255668
V0980,Inf mcr rst ot drg nt ml,Infection with microorganisms without mention of resistance to multiple drugs,1,1.5,1.0,0.1,-0.17900591322255668
58181,Nephrotic syn in oth dis,Nephrotic syndrome in diseases classified elsewhere,1,1.5,1.0,0.1,-0.17900591322255668
27739,Amyloidosis NEC,Other amyloidosis,1,1.5,1.0,0.1,-0.17900591322255668
78791,Diarrhea,Diarrhea,1,1.5,1.0,0.1,-0.17900591322255668
1625,Mal neo lower lobe lung,"Malignant neoplasm of lower lobe, bronchus or lung",1,1.5,1.0,0.1,-0.17900591322255668
56985,Angio intes w hmrhg,Angiodysplasia of intestine with hemorrhage,1,1.5,1.0,0.1,-0.17900591322255668
78001,Coma,Coma,1,1.5,1.0,0.1,-0.17900591322255668
34591,Epilepsy NOS w intr epil,"Epilepsy, unspecified, with intractable epilepsy",1,1.5,1.0,0.1,-0.17900591322255668
73689,Oth acq limb deformity,Other acquired deformity of other parts of limb,1,1.5,1.0,0.1,-0.17900591322255668
86389,GI injury NEC-closed,"Injury to other gastrointestinal sites, without mention of open wound into cavity",1,1.5,1.0,0.1,-0.17900591322255668
E8232,Oth coll stnd obj-mocycl,Other motor vehicle nontraffic accident involving collision with stationary object injuring motorcyclist,1,1.5,1.0,0.1,-0.17900591322255668
9584,Traumatic shock,Traumatic shock,1,3.5,1.0,0.4,4.658316672000946
8504,Concussion-deep coma,"Concussion with prolonged loss of consciousness, without return to pre-existing conscious level",1,1.5,1.0,0.1,-0.17900591322255668
V1079,Hx-lymphatic malign NEC,Personal history of other lymphatic and hematopoietic neoplasms,1,1.5,1.0,0.1,-0.17900591322255668
29040,"Vascular dementia,uncomp","Vascular dementia, uncomplicated",1,1.5,1.0,0.1,-0.17900591322255668
7140,Rheumatoid arthritis,Rheumatoid arthritis,1,1.5,1.0,0.1,-0.17900591322255668
44031,Ath ext autologs bps gft,Atherosclerosis of autologous vein bypass graft of the extremities,1,1.5,1.0,0.1,-0.17900591322255668
2967,Bipolor I current NOS,"Bipolar I disorder, most recent episode (or current) unspecified",1,1.5,1.0,0.1,-0.17900591322255668
78003,Persistent vegtv state,Persistent vegetative state,1,1.5,1.0,0.1,-0.17900591322255668
78057,Sleep apnea NOS,Unspecified sleep apnea,1,1.5,1.0,0.1,-0.17900591322255668
0543,Herpetic encephalitis,Herpetic meningoencephalitis,1,1.5,1.0,0.1,-0.17900591322255668
2555,Adrenal hypofunction NEC,Other adrenal hypofunction,1,1.5,1.0,0.1,-0.17900591322255668
20510,Ch myl leuk wo achv rmsn,"Chronic myeloid leukemia, without mention of having achieved remission",1,1.5,1.0,0.1,-0.17900591322255668
19889,Secondary malig neo NEC,Secondary malignant neoplasm of other specified sites,1,1.5,1.0,0.1,-0.17900591322255668
1980,Second malig neo kidney,Secondary malignant neoplasm of kidney,1,1.5,1.0,0.1,-0.17900591322255668
1987,Second malig neo adrenal,Secondary malignant neoplasm of adrenal gland,1,1.5,1.0,0.1,-0.17900591322255668
87349,Open wound of face NEC,"Open wound of other and multiple sites of face, without mention of complication",1,1.5,1.0,0.1,-0.17900591322255668
80375,Opn skl fx NEC-deep coma,"Other open skull fracture with subarachnoid, subdural, and extradural hemorrhage, with prolonged [more than 24 hours] loss of consciousness, without return to pre-existing conscious level",1,1.5,1.0,0.1,-0.17900591322255668
70706,"Pressure ulcer, ankle","Pressure ulcer, ankle",1,1.5,1.0,0.1,-0.17900591322255668
2532,Panhypopituitarism,Panhypopituitarism,1,1.5,1.0,0.1,-0.17900591322255668
E9504,Poison-drug/medicin NEC,Suicide and self-inflicted poisoning by other specified drugs and medicinal substances,1,1.5,1.0,0.1,-0.17900591322255668
E9503,Poison-psychotropic agt,Suicide and self-inflicted poisoning by tranquilizers and other psychotropic agents,1,1.5,1.0,0.1,-0.17900591322255668
9694,Pois-benzodiazepine tran,Poisoning by benzodiazepine-based tranquilizers,1,1.5,1.0,0.1,-0.17900591322255668
9680,Pois-cns muscle depress,Poisoning by central nervous system muscle-tone depressants,1,1.5,1.0,0.1,-0.17900591322255668
29633,Recur depr psych-severe,"Major depressive affective disorder, recurrent episode, severe, without mention of psychotic behavior",1,3.5,1.0,0.1,4.658316672000946
9693,Poison-antipsychotic NEC,"Poisoning by other antipsychotics, neuroleptics, and major tranquilizers",1,1.5,1.0,0.1,-0.17900591322255668
86404,"Liver laceration, major","Injury to liver without mention of open wound into cavity, laceration, major",1,1.5,1.0,0.1,-0.17900591322255668
9992,Vasc comp med care NEC,"Other vascular complications of medical care, not elsewhere classified",1,1.5,1.0,0.1,-0.17900591322255668
03843,Pseudomonas septicemia,Septicemia due to pseudomonas,1,1.5,1.0,0.1,-0.17900591322255668
V1046,Hx-prostatic malignancy,Personal history of malignant neoplasm of prostate,1,1.5,1.0,0.1,-0.17900591322255668
2380,Unc behav neo bone,Neoplasm of uncertain behavior of bone and articular cartilage,1,1.5,1.0,0.1,-0.17900591322255668
V1588,Personal history of fall,History of fall,1,1.5,1.0,0.1,-0.17900591322255668
7211,Cerv spondyl w myelopath,Cervical spondylosis with myelopathy,1,1.5,1.0,0.1,-0.17900591322255668
57451,Choledochlith NOS w obst,"Calculus of bile duct without mention of cholecystitis, with obstruction",1,1.5,1.0,0.1,-0.17900591322255668
99673,Comp-ren dialys dev/grft,"Other complications due to renal dialysis device, implant, and graft",1,1.5,1.0,0.1,-0.17900591322255668
5691,Rectal prolapse,Rectal prolapse,1,1.5,1.0,0.1,-0.17900591322255668
4266,Other heart block,Other heart block,1,1.5,1.0,0.1,-0.17900591322255668
4010,Malignant hypertension,Malignant essential hypertension,1,3.5,1.0,0.4,4.658316672000946
7299,Unknown diagnosis 7299,Unknown diagnosis code 7299,1,1.5,1.0,0.1,-0.17900591322255668
41511,Iatrogen pulm emb/infarc,Iatrogenic pulmonary embolism and infarction,1,1.5,1.0,0.1,-0.17900591322255668
8024,Fx malar/maxillary-close,Closed fracture of malar and maxillary bones,1,1.5,1.0,0.1,-0.17900591322255668
8028,Fx facial bone NEC-close,Closed fracture of other facial bones,1,1.5,1.0,0.1,-0.17900591322255668
81201,Fx surg nck humerus-clos,Closed fracture of surgical neck of humerus,1,1.5,1.0,0.1,-0.17900591322255668
4582,Unknown diagnosis 4582,Unknown diagnosis code 4582,1,1.5,1.0,0.1,-0.17900591322255668
30401,Opioid dependence-contin,"Opioid type dependence, continuous",1,1.5,1.0,0.1,-0.17900591322255668
07054,Chrnc hpt C wo hpat coma,Chronic hepatitis C without mention of hepatic coma,1,1.5,1.0,0.1,-0.17900591322255668
07030,Hpt B acte wo cm wo dlta,"Viral hepatitis B without mention of hepatic coma, acute or unspecified, without mention of hepatitis delta",1,1.5,1.0,0.1,-0.17900591322255668
E8791,Abn react-renal dialysis,"Kidney dialysis as the cause of abnormal reaction of patient, or of later complication, without mention of misadventure at time of procedure",1,1.5,2.5,0.1,-0.17900591322255668
03819,Staphylcocc septicem NEC,Other staphylococcal septicemia,1,1.5,1.0,0.1,-0.17900591322255668
V4502,Status autm crd dfbrltr,Automatic implantable cardiac defibrillator in situ,1,1.5,1.0,0.1,-0.17900591322255668
81249,Fx lower humerus NEC-cl,Other closed fracture of lower end of humerus,1,1.5,1.0,0.1,-0.17900591322255668
1978,Sec mal neo GI NEC,Secondary malignant neoplasm of other digestive organs and spleen,1,1.5,1.0,0.1,-0.17900591322255668
24220,Tox multnod goit no cris,Toxic multinodular goiter without mention of thyrotoxic crisis or storm,1,1.5,1.0,0.1,-0.17900591322255668
E8348,W/crft fall NEC-pers NEC,Other fall from one level to another in water transport injuring other specified person,1,1.5,1.0,0.1,-0.17900591322255668
8602,Traum hemothorax-closed,Traumatic hemothorax without mention of open wound into thorax,1,1.5,1.0,0.1,-0.17900591322255668
80125,Cl skl base fx-deep coma,"Closed fracture of base of skull with subarachnoid, subdural, and extradural hemorrhage, with prolonged [more than 24 hours] loss of consciousness, without return to pre-existing conscious level",1,1.5,1.0,0.1,-0.17900591322255668
48282,Pneumonia e coli,Pneumonia due to escherichia coli [E. coli],1,2.5,1.0,0.1,2.2396553793891947
V446,Urinostomy status NEC,Other artificial opening of urinary tract status,1,1.5,1.0,0.1,-0.17900591322255668
1179,Mycoses NEC & NOS,Other and unspecified mycoses,1,1.5,1.0,0.1,-0.17900591322255668
41072,"Subendo infarct, subseq","Subendocardial infarction, subsequent episode of care",1,1.5,1.0,0.1,-0.17900591322255668
4471,Stricture of artery,Stricture of artery,1,1.5,1.0,0.1,-0.17900591322255668
56969,Colstmy/enteros comp NEC,Other colostomy and enterostomy complication,1,1.5,1.0,0.1,-0.17900591322255668
44422,Lower extremity embolism,Arterial embolism and thrombosis of lower extremity,1,1.5,1.0,0.1,-0.17900591322255668
2809,Iron defic anemia NOS,"Iron deficiency anemia, unspecified",1,1.5,1.0,0.1,-0.17900591322255668
40291,Hyp ht dis NOS w ht fail,Unspecified hypertensive heart disease with heart failure,1,1.5,1.0,0.1,-0.17900591322255668
04102,Streptococcus group b,"Streptococcus infection in conditions classified elsewhere and of unspecified site, streptococcus, group B",1,1.5,1.0,0.1,-0.17900591322255668
E8498,Accident in place NEC,Accidents occurring in other specified places,1,1.5,1.0,0.1,-0.17900591322255668
7837,Failure to thrive-adult,Adult failure to thrive,1,3.5,1.0,0.4,4.658316672000946
99677,Comp-internal joint pros,Other complications due to internal joint prosthesis,1,1.5,1.0,0.1,-0.17900591322255668
71105,Pyogen arthritis-pelvis,"Pyogenic arthritis, pelvic region and thigh",1,1.5,1.0,0.1,-0.17900591322255668
99667,React-oth int ortho dev,"Infection and inflammatory reaction due to other internal orthopedic device, implant, and graft",1,1.5,1.0,0.1,-0.17900591322255668
6000,Unknown diagnosis 6000,Unknown diagnosis code 6000,1,1.5,1.0,0.1,-0.17900591322255668
4111,Intermed coronary synd,Intermediate coronary syndrome,1,1.5,1.0,0.1,-0.17900591322255668
29281,Drug-induced delirium,Drug-induced delirium,1,1.5,1.0,0.1,-0.17900591322255668
E9394,Adv eff benzodiaz tranq,Benzodiazepine-based tranquilizers causing adverse effects in therapeutic use,1,1.5,1.0,0.1,-0.17900591322255668
V600,Lack of housing,Lack of housing,1,1.5,1.0,0.1,-0.17900591322255668
52801,Mucosits d/t antineo rx,Mucositis (ulcerative) due to antineoplastic therapy,1,1.5,1.0,0.1,-0.17900591322255668
71589,Osteoarthrosis-mult site,"Osteoarthrosis involving, or with mention of more than one site, but not specified as generalized, multiple sites",1,1.5,1.0,0.1,-0.17900591322255668
60490,Orchitis/epididymit NOS,"Orchitis and epididymitis, unspecified",1,1.5,1.0,0.1,-0.17900591322255668
6039,Hydrocele NOS,"Hydrocele, unspecified",1,1.5,1.0,0.1,-0.17900591322255668
27542,Hypercalcemia,Hypercalcemia,1,1.5,1.0,0.1,-0.17900591322255668
3510,Bell's palsy,Bell's palsy,1,1.5,1.0,0.1,-0.17900591322255668
4940,Bronchiectas w/o ac exac,Bronchiectasis without acute exacerbation,1,1.5,1.0,0.1,-0.17900591322255668
37000,Corneal ulcer NOS,"Corneal ulcer, unspecified",1,1.5,1.0,0.1,-0.17900591322255668
28800,Neutropenia NOS,"Neutropenia, unspecified",1,1.5,1.0,0.1,-0.17900591322255668
35782,Crit illness neuropathy,Critical illness polyneuropathy,1,1.5,1.0,0.1,-0.17900591322255668
45381,Ac embl suprfcl up ext,Acute venous embolism and thrombosis of superficial veins of upper extremity,1,1.5,1.0,0.1,-0.17900591322255668
45341,Ac DVT/emb prox low ext,Acute venous embolism and thrombosis of deep vessels of proximal lower extremity,1,1.5,1.0,0.1,-0.17900591322255668
4830,Pneu mycplsm pneumoniae,Pneumonia due to mycoplasma pneumoniae,1,2.5,1.0,0.1,2.2396553793891947
28489,Aplastic anemias NEC,Other specified aplastic anemias,1,1.5,1.0,0.1,-0.17900591322255668
27788,Tumor lysis syndrome,Tumor lysis syndrome,1,1.5,1.0,0.1,-0.17900591322255668
7868,Hiccough,Hiccough,1,1.5,1.0,0.1,-0.17900591322255668
6930,Drug dermatitis NOS,Dermatitis due to drugs and medicines taken internally,1,1.5,1.0,0.1,-0.17900591322255668
V1011,Hx-bronchogenic malignan,Personal history of malignant neoplasm of bronchus and lung,1,1.5,1.0,0.1,-0.17900591322255668
9341,Foreign body bronchus,Foreign body in main bronchus,1,1.5,1.0,0.1,-0.17900591322255668
28803,Drug induced neutropenia,Drug induced neutropenia,1,1.5,1.0,0.1,-0.17900591322255668
42823,Ac on chr syst hrt fail,Acute on chronic systolic heart failure,1,1.5,1.0,0.1,-0.17900591322255668
585,Unknown diagnosis 585,Unknown diagnosis code 585,1,1.5,1.0,0.1,-0.17900591322255668
2811,B12 defic anemia NEC,Other vitamin B12 deficiency anemia,1,1.5,1.0,0.1,-0.17900591322255668
70712,Ulcer of calf,Ulcer of calf,1,1.5,1.0,0.1,-0.17900591322255668
1965,Mal neo lymph-inguin/leg,Secondary and unspecified malignant neoplasm of lymph nodes of inguinal region and lower limb,1,1.5,1.0,0.1,-0.17900591322255668
70714,Ulcer of heel & midfoot,Ulcer of heel and midfoot,1,1.5,1.0,0.1,-0.17900591322255668
53551,Gstr/ddnts NOS w hmrhg,"Unspecified gastritis and gastroduodenitis, with hemorrhage",1,1.5,1.0,0.1,-0.17900591322255668
5854,Chr kidney dis stage IV,"Chronic kidney disease, Stage IV (severe)",1,1.5,1.0,0.1,-0.17900591322255668
0388,Septicemia NEC,Other specified septicemias,1,1.5,1.0,0.1,-0.17900591322255668
29570,Schizoaffective dis NOS,"Schizoaffective disorder, unspecified",1,1.5,1.0,0.1,-0.17900591322255668
E9479,Adv eff medicinal NOS,Unspecified drug or medicinal substance causing adverse effects in therapeutic use,1,1.5,1.0,0.1,-0.17900591322255668
33385,Subac dyskinesa d/t drug,Subacute dyskinesia due to drugs,1,1.5,1.0,0.1,-0.17900591322255668
41001,"AMI anterolateral, init","Acute myocardial infarction of anterolateral wall, initial episode of care",1,1.5,1.0,0.1,-0.17900591322255668
79029,Abnormal glucose NEC,Other abnormal glucose,1,1.5,1.0,0.1,-0.17900591322255668
78724,"Dysphagia,pharyngoesoph","Dysphagia, pharyngoesophageal phase",1,1.5,1.0,0.1,-0.17900591322255668
4011,Benign hypertension,Benign essential hypertension,1,1.5,1.0,0.1,-0.17900591322255668
53089,Other dsrders esophagus,Other specified disorders of esophagus,1,1.5,1.0,0.1,-0.17900591322255668
42732,Atrial flutter,Atrial flutter,1,1.5,1.0,0.1,-0.17900591322255668
53084,Tracheoesophageal fstula,Tracheoesophageal fistula,1,1.5,1.0,0.1,-0.17900591322255668
73730,Idiopathic scoliosis,"Scoliosis [and kyphoscoliosis], idiopathic",1,1.5,1.0,0.1,-0.17900591322255668
2721,Pure hyperglyceridemia,Pure hyperglyceridemia,1,1.5,1.0,0.1,-0.17900591322255668
7213,Lumbosacral spondylosis,Lumbosacral spondylosis without myelopathy,1,1.5,1.0,0.1,-0.17900591322255668
78603,Apnea,Apnea,1,1.5,1.0,0.1,-0.17900591322255668
E9352,Adv eff opiates,Other opiates and related narcotics causing adverse effects in therapeutic use,1,1.5,1.0,0.1,-0.17900591322255668
3488,Unknown diagnosis 3488,Unknown diagnosis code 3488,1,1.5,1.0,0.1,-0.17900591322255668
71615,Traum arthropathy-pelvis,"Traumatic arthropathy, pelvic region and thigh",1,1.5,1.0,0.1,-0.17900591322255668
56881,Hemoperitoneum,Hemoperitoneum (nontraumatic),1,1.5,1.0,0.1,-0.17900591322255668
07032,Hpt B chrn wo cm wo dlta,Chronic viral hepatitis B without mention of hepatic coma without mention of hepatitis delta,1,1.5,1.0,0.1,-0.17900591322255668
4414,Abdom aortic aneurysm,Abdominal aneurysm without mention of rupture,1,1.5,1.0,0.1,-0.17900591322255668
9980,Unknown diagnosis 9980,Unknown diagnosis code 9980,1,1.5,1.0,0.1,-0.17900591322255668
82021,Intertrochanteric fx-cl,Closed fracture of intertrochanteric section of neck of femur,1,1.5,1.0,0.1,-0.17900591322255668
V5413,Aftrcre traumatic fx hip,Aftercare for healing traumatic fracture of hip,1,1.5,1.0,0.1,-0.17900591322255668
27800,Obesity NOS,"Obesity, unspecified",1,1.5,1.0,0.1,-0.17900591322255668
25092,DMII unspf uncntrld,"Diabetes with unspecified complication, type II or unspecified type, uncontrolled",1,1.5,1.0,0.1,-0.17900591322255668
E9361,Adv eff hydantoin deriv,Hydantoin derivatives causing adverse effects in therapeutic use,1,1.5,1.0,0.1,-0.17900591322255668
34831,Metabolic encephalopathy,Metabolic encephalopathy,1,1.5,1.0,0.1,-0.17900591322255668
3485,Cerebral edema,Cerebral edema,1,1.5,1.0,0.1,-0.17900591322255668
2866,Defibrination syndrome,Defibrination syndrome,1,1.5,1.0,0.1,-0.17900591322255668
3453,Grand mal status,Grand mal status,1,1.5,1.0,0.1,-0.17900591322255668
53140,Chr stomach ulc w hem,"Chronic or unspecified gastric ulcer with hemorrhage, without mention of obstruction",1,1.5,1.0,0.1,-0.17900591322255668
53240,Chr duoden ulcer w hem,"Chronic or unspecified duodenal ulcer with hemorrhage, without mention of obstruction",1,1.5,1.0,0.1,-0.17900591322255668
34982,Toxic encephalopathy,Toxic encephalopathy,1,1.5,1.0,0.1,-0.17900591322255668
5754,Perforation gallbladder,Perforation of gallbladder,1,1.5,1.0,0.1,-0.17900591322255668
5290,Glossitis,Glossitis,1,1.5,1.0,0.1,-0.17900591322255668
V4281,Trnspl status-bne marrow,Bone marrow replaced by transplant,1,1.5,1.0,0.1,-0.17900591322255668
80601,C1-c4 fx-cl/com cord les,Closed fracture of C1-C4 level with complete lesion of cord,1,1.5,1.0,0.1,-0.17900591322255668
82101,Fx femur shaft-closed,Closed fracture of shaft of femur,1,1.5,1.0,0.1,-0.17900591322255668
80102,Cl skul base fx-brf coma,"Closed fracture of base of skull without mention of intra cranial injury, with brief [less than one hour] loss of consciousness",1,1.5,1.0,0.1,-0.17900591322255668
1622,Malig neo main bronchus,Malignant neoplasm of main bronchus,1,1.5,1.0,0.1,-0.17900591322255668
7861,Stridor,Stridor,1,1.5,1.0,0.1,-0.17900591322255668
85306,Brain hem NEC-coma NOS,"Other and unspecified intracranial hemorrhage following injury without mention of open intracranial wound, with loss of consciousness of unspecified duration",1,1.5,1.0,0.1,-0.17900591322255668
85206,Subarach hem-coma NOS,"Subarachnoid hemorrhage following injury without mention of open intracranial wound, with loss of consciousness of unspecified duration",1,1.5,1.0,0.1,-0.17900591322255668
71946,Joint pain-l/leg,"Pain in joint, lower leg",1,1.5,1.0,0.1,-0.17900591322255668
V4511,Renal dialysis status,Renal dialysis status,1,1.5,2.5,0.1,-0.17900591322255668
58881,Sec hyperparathyrd-renal,Secondary hyperparathyroidism (of renal origin),1,1.5,1.0,0.1,-0.17900591322255668
57471,Gall&bil cal w/oth w obs,"Calculus of gallbladder and bile duct with other cholecystitis, with obstruction",1,1.5,1.0,0.1,-0.17900591322255668
7821,Nonspecif skin erupt NEC,Rash and other nonspecific skin eruption,1,1.5,1.0,0.1,-0.17900591322255668
1124,Candidiasis of lung,Candidiasis of lung,1,1.5,1.0,0.1,-0.17900591322255668
99813,Seroma complicting proc,Seroma complicating a procedure,1,1.5,1.0,0.1,-0.17900591322255668
V1005,Hx of colonic malignancy,Personal history of malignant neoplasm of large intestine,1,1.5,1.0,0.1,-0.17900591322255668
56981,Intestinal fistula,"Fistula of intestine, excluding rectum and anus",1,1.5,1.0,0.1,-0.17900591322255668
37950,Nystagmus NOS,"Nystagmus, unspecified",1,1.5,1.0,0.1,-0.17900591322255668
8020,Nasal bone fx-closed,Closed fracture of nasal bones,1,1.5,1.0,0.1,-0.17900591322255668
8730,Open wound of scalp,"Open wound of scalp, without mention of complication",1,1.5,1.0,0.1,-0.17900591322255668
3361,Vascular myelopathies,Vascular myelopathies,1,1.5,1.0,0.1,-0.17900591322255668
E8231,Oth coll stndng obj-psgr,Other motor vehicle nontraffic accident involving collision with stationary object injuring passenger in motor vehicle other than motorcycle,1,1.5,1.0,0.1,-0.17900591322255668
34401,"Quadrplg c1-c4, complete","Quadriplegia, C1-C4, complete",1,1.5,1.0,0.1,-0.17900591322255668
45182,Phlbts sprfc vn up extrm,Phlebitis and thrombophlebitis of superficial veins of upper extremities,1,1.5,1.0,0.1,-0.17900591322255668
